/*
Navicat MySQL Data Transfer

Source Server         : 192.168.1.250
Source Server Version : 50719
Source Host           : 192.168.1.250:3306
Source Database       : autumn_configure

Target Server Type    : MYSQL
Target Server Version : 50719
File Encoding         : 65001

Date: 2018-07-09 12:59:05
*/

SET FOREIGN_KEY_CHECKS=0;

-- ----------------------------
-- Table structure for `app_info`
-- ----------------------------
DROP TABLE IF EXISTS `app_info`;
CREATE TABLE `app_info` (
  `id` bigint(20) NOT NULL AUTO_INCREMENT,
  `sort_id` int(11) NOT NULL,
  `app_id` varchar(50) NOT NULL,
  `app_name` varchar(50) NOT NULL,
  `remark` text,
  `status` int(11) NOT NULL,
  `gmt_create` datetime NOT NULL,
  `gmt_modified` datetime NOT NULL,
  `is_delete` bit(1) NOT NULL,
  `gmt_delete` datetime DEFAULT NULL,
  PRIMARY KEY (`id`),
  KEY `ix_app_info_app_id` (`app_id`),
  KEY `ix_app_info_app_name` (`app_name`),
  KEY `ix_app_info_sort_id` (`sort_id`)
) ENGINE=InnoDB AUTO_INCREMENT=36 DEFAULT CHARSET=utf8;

-- ----------------------------
-- Records of app_info
-- ----------------------------
INSERT INTO `app_info` VALUES ('1', '1', 'autumn-sms', '短信服务', '', '1', '2017-12-31 17:16:00', '2017-12-31 17:16:00', '', '2017-12-31 17:16:37');
INSERT INTO `app_info` VALUES ('2', '1', 'autumn-sms', '短信服务', '', '2', '2017-12-31 17:16:52', '2018-01-04 19:23:06', '', null);
INSERT INTO `app_info` VALUES ('3', '2', 'autumn-message', '消息服务', '', '1', '2017-12-31 21:53:36', '2018-02-05 17:52:06', '', '2018-02-05 17:52:08');
INSERT INTO `app_info` VALUES ('4', '0', 'autumn-sss', 'sss服务', '12121', '1', '2018-01-02 15:19:48', '2018-01-02 15:20:06', '', '2018-01-02 15:20:09');
INSERT INTO `app_info` VALUES ('5', '3', 'guinong-product', '商品服务', '', '1', '2018-01-02 16:34:08', '2018-01-29 14:46:35', '', '2018-01-29 14:46:39');
INSERT INTO `app_info` VALUES ('6', '4', 'guinong-order', '贵农订单', '', '1', '2018-01-02 16:34:42', '2018-01-29 14:46:24', '', '2018-01-29 14:46:27');
INSERT INTO `app_info` VALUES ('7', '5', 'coopbuy-order', '好买订单', '', '1', '2018-01-02 16:35:15', '2018-01-29 14:46:18', '', '2018-01-29 14:46:20');
INSERT INTO `app_info` VALUES ('8', '20', 'autumn-demo-dynamic-data-source', '演示-动态数据源服务', '', '1', '2018-01-05 17:37:47', '2018-01-29 14:46:10', '', '2018-01-29 14:46:13');
INSERT INTO `app_info` VALUES ('9', '21', 'demo1', 'demo1', '', '1', '2018-01-05 17:38:18', '2018-01-29 14:45:25', '', '2018-01-29 14:45:28');
INSERT INTO `app_info` VALUES ('10', '22', 'demo2', 'demo2', '', '1', '2018-01-05 17:38:30', '2018-01-29 14:45:38', '', '2018-01-29 14:45:42');
INSERT INTO `app_info` VALUES ('11', '99', 'sharecapital-admin', '贵农网股金系统后台管理', '贵农网股金系统后台管理', '2', '2018-01-10 15:20:48', '2018-03-30 09:33:29', '', null);
INSERT INTO `app_info` VALUES ('12', '3', 'autumn-config-backstage', '配置后台', '', '2', '2018-01-31 12:08:32', '2018-02-07 11:33:01', '', null);
INSERT INTO `app_info` VALUES ('13', '4', 'autumn-gateway', '网关', '', '2', '2018-01-31 13:57:27', '2018-01-31 13:57:31', '', null);
INSERT INTO `app_info` VALUES ('14', '5', 'gyb-integral-app', '积分商城APP', '', '2', '2018-01-31 15:06:11', '2018-01-31 15:43:35', '', null);
INSERT INTO `app_info` VALUES ('15', '0', 'autumn-member', '会员中心', '', '2', '2018-01-31 15:40:34', '2018-01-31 16:02:23', '', null);
INSERT INTO `app_info` VALUES ('16', '6', 'gyb-integral-backstage', '积分后台', '', '2', '2018-01-31 15:52:12', '2018-01-31 16:05:19', '', null);
INSERT INTO `app_info` VALUES ('17', '7', 'gyb-integral-manager', '积分商家后台', '', '2', '2018-01-31 15:59:19', '2018-01-31 16:05:17', '', null);
INSERT INTO `app_info` VALUES ('18', '0', 'autumn-oauth-server', '授权服务', '', '2', '2018-01-31 16:09:58', '2018-01-31 16:13:55', '', null);
INSERT INTO `app_info` VALUES ('19', '0', 'gyb-integral-center', '贵阳银行积分商城-积分中心', '', '2', '2018-01-31 16:31:12', '2018-01-31 16:34:41', '', null);
INSERT INTO `app_info` VALUES ('20', '0', 'gyb-integral-openapi', '贵阳银行积分商城-开放api', '', '2', '2018-01-31 16:40:39', '2018-01-31 16:40:42', '', null);
INSERT INTO `app_info` VALUES ('21', '2', 'autumn-log', '日志服务', '', '2', '2018-02-01 19:44:22', '2018-02-01 19:44:43', '', null);
INSERT INTO `app_info` VALUES ('22', '0', 'guinong-backstage', '贵农网后台管理', '贵农网大后台管理', '2', '2018-02-02 17:02:08', '2018-02-02 17:09:46', '', null);
INSERT INTO `app_info` VALUES ('23', '99', 'autumn-scheduler-admin', '任务调度系统', '', '2', '2018-03-27 17:22:27', '2018-03-27 17:22:35', '', null);
INSERT INTO `app_info` VALUES ('24', '99', 'sharecapital-shop', '股金店铺', '', '2', '2018-03-29 17:56:20', '2018-03-29 17:56:28', '', null);
INSERT INTO `app_info` VALUES ('25', '1', 'guinong-coupon-admin', '贵农网优惠卷管理', '', '2', '2018-04-02 10:56:34', '2018-04-03 10:07:24', '', null);
INSERT INTO `app_info` VALUES ('26', '1', 'guinong-coupon-server', '贵农网优惠卷内部服务', '', '2', '2018-04-02 11:00:46', '2018-04-03 10:08:12', '', null);
INSERT INTO `app_info` VALUES ('27', '1', 'guinong-comment-server', '贵农网评论', '', '2', '2018-04-09 11:57:16', '2018-04-10 15:53:35', '', null);
INSERT INTO `app_info` VALUES ('28', '1', 'guinong-welfare-server', '贵农网公益行', '', '2', '2018-04-09 15:08:25', '2018-04-09 15:18:45', '', null);
INSERT INTO `app_info` VALUES ('29', '1', 'guinong-haimall-server', '贵农网-老平台服务', '', '2', '2018-04-09 15:47:27', '2018-04-09 15:47:37', '', null);
INSERT INTO `app_info` VALUES ('30', '1', 'guinong-fightgroups-app', '拼团服务', '', '2', '2018-04-10 16:27:00', '2018-04-10 16:32:39', '', null);
INSERT INTO `app_info` VALUES ('31', '1', 'guinong-fightgroups-admin', '拼团服务后台服务', '', '2', '2018-04-10 17:21:42', '2018-04-10 17:24:35', '', null);
INSERT INTO `app_info` VALUES ('32', '1', 'guinong-fightgroups-shop', '拼团服务商家服务', '', '2', '2018-04-10 17:26:55', '2018-04-10 17:26:58', '', null);
INSERT INTO `app_info` VALUES ('33', '99', 'sharecapital-backstage', '股金管理后台', '股金管理后台', '2', '2018-05-16 09:57:06', '2018-05-16 09:58:30', '', null);
INSERT INTO `app_info` VALUES ('34', '1', 'guinong-recharge-server', '贵农网话费充值服务', '', '2', '2018-05-23 15:43:17', '2018-05-23 16:08:34', '', null);
INSERT INTO `app_info` VALUES ('35', '0', 'autumn-config-client-consumer', 'Dubbo 测试客户端', '', '2', '2018-07-04 14:12:52', '2018-07-04 14:18:34', '', null);

-- ----------------------------
-- Table structure for `app_info_connection`
-- ----------------------------
DROP TABLE IF EXISTS `app_info_connection`;
CREATE TABLE `app_info_connection` (
  `id` bigint(20) NOT NULL AUTO_INCREMENT,
  `sort_id` int(11) NOT NULL,
  `app_id` bigint(20) NOT NULL,
  `connection_id` bigint(20) NOT NULL,
  `identity` varchar(50) NOT NULL,
  `is_default` bit(1) NOT NULL,
  `status` int(11) NOT NULL,
  `remark` text,
  `gmt_create` datetime NOT NULL,
  `gmt_modified` datetime NOT NULL,
  PRIMARY KEY (`id`),
  KEY `app_info_connection_app_id` (`app_id`),
  KEY `app_info_connection_connection_id` (`connection_id`),
  KEY `app_info_connection_sort_id` (`sort_id`)
) ENGINE=InnoDB AUTO_INCREMENT=23 DEFAULT CHARSET=utf8;

-- ----------------------------
-- Records of app_info_connection
-- ----------------------------
INSERT INTO `app_info_connection` VALUES ('9', '0', '8', '7', 'shop1', '', '2', '', '2018-01-05 18:05:08', '2018-01-10 19:12:10');
INSERT INTO `app_info_connection` VALUES ('11', '0', '8', '8', 'shop2', '', '2', '', '2018-01-10 19:11:41', '2018-01-10 19:41:00');
INSERT INTO `app_info_connection` VALUES ('12', '0', '11', '9', 'ds1', '', '2', '', '2018-01-29 16:11:15', '2018-01-31 10:47:22');
INSERT INTO `app_info_connection` VALUES ('13', '0', '25', '35', 'mysql_guinong_coupon', '', '2', '', '2018-04-02 10:57:26', '2018-04-03 10:06:13');
INSERT INTO `app_info_connection` VALUES ('14', '0', '26', '35', 'mysql_guinong_coupon', '', '2', '', '2018-04-02 11:01:07', '2018-04-02 11:01:09');
INSERT INTO `app_info_connection` VALUES ('16', '0', '28', '37', 'mysql_guinong_welfare', '', '2', '', '2018-04-09 15:14:45', '2018-04-10 13:49:25');
INSERT INTO `app_info_connection` VALUES ('17', '0', '29', '38', 'sqlserver_guinong_haimall', '', '2', '', '2018-04-09 15:49:43', '2018-04-09 15:49:47');
INSERT INTO `app_info_connection` VALUES ('18', '0', '27', '36', 'mongodb_guinong_comment', '', '2', '', '2018-04-10 15:53:55', '2018-04-10 15:53:57');
INSERT INTO `app_info_connection` VALUES ('19', '0', '31', '39', 'mysql_guinong-fightgroups', '', '2', '', '2018-04-10 17:21:59', '2018-04-10 17:22:02');
INSERT INTO `app_info_connection` VALUES ('20', '0', '32', '39', 'mysql_guinong-fightgroups', '', '2', '', '2018-04-10 17:27:15', '2018-04-10 17:27:21');
INSERT INTO `app_info_connection` VALUES ('21', '0', '34', '40', 'mysql_guinong_recharge', '', '2', '', '2018-05-23 15:47:15', '2018-05-23 15:47:17');
INSERT INTO `app_info_connection` VALUES ('22', '0', '34', '29', 'rabbitmq_gyb_integral_openapi', '', '2', '', '2018-05-24 16:19:28', '2018-05-24 16:19:31');

-- ----------------------------
-- Table structure for `app_info_data_source`
-- ----------------------------
DROP TABLE IF EXISTS `app_info_data_source`;
CREATE TABLE `app_info_data_source` (
  `id` bigint(20) NOT NULL AUTO_INCREMENT,
  `sort_id` int(11) NOT NULL,
  `app_id` bigint(20) NOT NULL,
  `target_app_id` bigint(20) NOT NULL,
  `connection_id` bigint(20) NOT NULL,
  `status` int(1) NOT NULL,
  `remark` text,
  `gmt_create` datetime NOT NULL,
  `gmt_modified` datetime NOT NULL,
  PRIMARY KEY (`id`),
  KEY `app_info_data_source_app_id` (`app_id`),
  KEY `app_info_data_source_connection_id` (`connection_id`),
  KEY `app_info_data_source_sort_id` (`sort_id`)
) ENGINE=InnoDB AUTO_INCREMENT=8 DEFAULT CHARSET=utf8;

-- ----------------------------
-- Records of app_info_data_source
-- ----------------------------
INSERT INTO `app_info_data_source` VALUES ('6', '1', '8', '9', '7', '2', '', '2018-01-05 17:40:27', '2018-01-05 17:40:53');
INSERT INTO `app_info_data_source` VALUES ('7', '1', '8', '10', '8', '2', '', '2018-01-05 17:40:39', '2018-01-05 17:40:55');

-- ----------------------------
-- Table structure for `app_info_profile`
-- ----------------------------
DROP TABLE IF EXISTS `app_info_profile`;
CREATE TABLE `app_info_profile` (
  `id` bigint(20) NOT NULL AUTO_INCREMENT,
  `sort_id` int(11) NOT NULL,
  `app_id` bigint(20) NOT NULL,
  `name` varchar(50) NOT NULL,
  `label` varchar(50) NOT NULL,
  `content` text NOT NULL,
  `version` varchar(11) NOT NULL,
  `is_default` bit(1) NOT NULL,
  `profile_format` varchar(50) NOT NULL,
  `status` int(11) NOT NULL,
  `remark` text,
  `gmt_create` datetime NOT NULL,
  `gmt_modified` datetime NOT NULL,
  PRIMARY KEY (`id`),
  KEY `app_info_profile_app_id` (`app_id`),
  KEY `app_info_profile_sort_id` (`sort_id`),
  KEY `app_info_profile_key` (`app_id`,`name`,`label`)
) ENGINE=InnoDB AUTO_INCREMENT=42 DEFAULT CHARSET=utf8;

-- ----------------------------
-- Records of app_info_profile
-- ----------------------------
INSERT INTO `app_info_profile` VALUES ('1', '1', '2', 'pro', 'master', 'eureka:\n  client:\n    healthcheck:\n      enabled: false\n  instance:\n    lease-expiration-duration-in-seconds: 30\n    lease-renewal-interval-in-seconds: 10\nspring: \n  datasource: $ref mysql_autumn_sms\n  redis: $ref redis_7\n  rabbitmq: $ref rabbitmq_autumn_message\n  data:\n    mongodb: $ref mongodb_sms\n  freemarker:\n    template-loader-path: classpath:/templates\n  mvc:\n    throw-exception-if-no-handler-found: true\n  resources:\n    add-mappings: false\nlogging:\n  level:\n    org.springframework:\n      data: INFO\n      security: INFO\nmybatis:\n  configLocation: classpath:mybatis-config.xml\nautumn:\n  auth:\n    tokenSecret: guinong\n    expire: 3600\n  web:\n    publish-type: DEBUG\ninfo:\n  service:\n    port: ${server.port}\n  application:\n    artifact: autumn-sms\n    name: ${spring.application.name}\n    description: 短信服务\n    version: 0.0.1-SNAPSHOT', '11', '', 'yml', '2', ' ', '2018-01-23 14:34:49', '2018-06-29 17:13:51');
INSERT INTO `app_info_profile` VALUES ('3', '1', '11', 'dev', 'master', 'eureka:\n  client:\n    healthcheck:\n      enabled: false\n  instance:\n    lease-expiration-duration-in-seconds: 30\n    lease-renewal-interval-in-seconds: 10\nspring:\n    datasource: $ref mysql_sharecapital_management    \n    redis: $ref redis_1  \n    freemarker:\n        template-loader-path: classpath:/templates\n    mvc:\n        throw-exception-if-no-handler-found: true\n    resources:\n        add-mappings: false         \nlogging:\n  level:\n    org.springframework:\n      data: DEBUG\n      security: DEBUG       \nmybatis:\n  mapperLocations: classpath:mapper/*.xml\n  typeAliasesPackage: com.guinong.sharecapital\n  configLocation: classpath:mybatis-config.xml \nautumn:   \n    auth:\n        tokenSecret: guinong\n        expire: 3600\n        database-id: 3\n    serviceId: sharecapital-admin\nalioss:\n    endpoint: oss-cn-shenzhen.aliyuncs.com\n    accessKeyId: DwXs8JBGzDHsyTUR\n    accessKeySecret: 5HwqfsJ77FKOlwHLQJBT0QxrerNrrN\n    bucketName: gnshopimage\n    picLocation: sharecapital/\n    fileLocation: sharecapital/shop/file/\n    picDomain: http://img.guinong.com/', '9', '', 'yml', '2', '这是一个备注', '2018-01-24 11:04:30', '2018-03-30 09:32:33');
INSERT INTO `app_info_profile` VALUES ('15', '1', '3', 'pro', 'master', 'eureka:\n  client:\n    healthcheck:\n      enabled: false\n  instance:\n    lease-expiration-duration-in-seconds: 30\n    lease-renewal-interval-in-seconds: 10\nspring:\n  datasource:\n    driver-class-name: com.mysql.jdbc.Driver\n    url: jdbc:mysql://192.168.1.250:3306/autumn-sms?characterEncoding=UTF-8&zeroDateTimeBehavior=convertToNull\n    username: dev\n    password: dev\n    type: org.apache.commons.dbcp.BasicDataSource\n    filters: stat\n    maxActive: 20\n    initialSize: 1\n    maxWait: 60000\n    min-idle: 1\n    max-idle: 10\n  redis:\n    host: 192.168.1.248\n    #password: asdfghjKl123\n    port: 6379\n    database: 7\n    timeout: 10000\n    pool:\n      max-idle: 8\n      min-idle: 0\n      max-active: 10\n      max-wait: 1\n  rabbitmq:\n    host: 192.168.1.248\n    port: 5672\n    virtual-host: autumn-message\n    username: dev\n    password: dev\n    publisher-confirms: true\n    publisher-returns: true\n  data:\n    mongodb:\n      host: 120.78.68.139\n      port: 27017\n      database: autumn_sms\n  freemarker:\n    template-loader-path: classpath:/templates\n  mvc:\n    throw-exception-if-no-handler-found: true\n  resources:\n    add-mappings: false\nlogging:\n  level:\n    org.springframework:\n      data: INFO\n      security: INFO\nmybatis:\n  configLocation: classpath:mybatis-config.xml\nautumn:\n  auth:\n    tokenSecret: guinong\n    expire: 3600\n  web:\n    publish-type: DEBUG\ninfo:\n  service:\n    port: ${server.port}\n  application:\n    artifact: autumn-sms\n    name: ${spring.application.name}\n    description: 短信服务\n    version: 0.0.1-SNAPSHOT', '1', '', 'yml', '2', '', '2018-01-31 12:43:38', '2018-01-31 12:48:01');
INSERT INTO `app_info_profile` VALUES ('17', '1', '13', 'pro', 'master', 'hystrix.command.default.execution.timeout.enabled=true\nhystrix.command.default.execution.isolation.thread.timeoutInMilliseconds=60000\n#如果并发数达到该设置值，请求会被拒绝和抛出异常并且fallback不会被调用。默认10\n#应用于Hystrix的THREAD和SEMAPHORE策略\nhystrix.command.default.fallback.isolation.thread.maxConcurrentRequests=10000\n\nribbon.MaxTotalConnections=2000\nribbon.MaxConnectionsPerHost=1000\nribbon.ReadTimeout = 60000\nribbon.ConnectTimeout = 60000\nribbon.OkToRetryOnAllOperations = true\nribbon.MaxAutoRetriesNextServer = 2\nribbon.MaxAutoRetries = 2\n\n\nzuul.add-host-header=true\nzuul.host.connect-timeout-millis=10000\nzuul.host.socket-timeout-millis=10000   \nzuul.host.max-per-route-connections=2000   \nzuul.host.max-total-connections=10000  \nzuul.host.semaphore.max-semaphores=10000  \n\nzuul.routes.gift.path=/gift-conf/**\nzuul.routes.gift.serviceId=service-activity-gift\nzuul.routes.gift.sensitive-headers=true\nzuul.routes.gift.custom-sensitive-headers=true\n\nzuul.routes.gift-app.path=/gift/**\nzuul.routes.gift-app.serviceId=service-activity-gift-app\nzuul.routes.gift-app.sensitive-headers=true\nzuul.routes.gift-app.custom-sensitive-headers=true  \n\nzuul.routes.card.path=/card/**\nzuul.routes.card.serviceId=service-activity-card\nzuul.routes.card.sensitive-headers=true\nzuul.routes.card.custom-sensitive-headers=true\n\n\nzuul.routes.product-core.path=/product-core/**\nzuul.routes.product-core.serviceId=service-product-core\nzuul.routes.product-core.sensitive-headers=true\nzuul.routes.product-core.custom-sensitive-headers=true\n\nzuul.routes.freenh.path=/freenh/**\nzuul.routes.freenh.serviceId=service-activity-freenh\nzuul.routes.freenh.sensitive-headers=true\nzuul.routes.freenh.custom-sensitive-headers=true\n\nzuul.routes.welfare.path=/welfare/**\nzuul.routes.welfare.serviceId=guinong-welfare-server\nzuul.routes.welfare.sensitive-headers=true\nzuul.routes.welfare.custom-sensitive-headers=true\n\nzuul.routes.gnapi.path=/api/**\nzuul.routes.gnapi.url=http://192.168.1.248:8999/api\nzuul.routes.gnapi.sensitive-headers=true\nzuul.routes.gnapi.custom-sensitive-headers=true\n\nzuul.routes.gnapiswagger.path=/apis/**\nzuul.routes.gnapiswagger.url=http://192.168.1.248:8999/apis\nzuul.routes.gnapiswagger.sensitive-headers=true\nzuul.routes.gnapiswagger.custom-sensitive-headers=true\n\nzuul.routes.gnh5.path=/vuedemo/**\nzuul.routes.gnh5.url=http://192.168.1.57:8020/vuedemo\nzuul.routes.gnh5.sensitive-headers=true\nzuul.routes.gnh5.custom-sensitive-headers=true\n\nzuul.routes.guinong-backstage.path=/guinong-backstage/**\nzuul.routes.guinong-backstage.serviceId=guinong-backstage\nzuul.routes.guinong-backstage.sensitive-headers=true\nzuul.routes.guinong-backstage.custom-sensitive-headers=true\n\nzuul.routes.backstage-web.path=/backstage-web/**\nzuul.routes.backstage-web.serviceId=guinong-backstage-web\nzuul.routes.backstage-web.sensitive-headers=true\nzuul.routes.backstage-web.custom-sensitive-headers=true\n\nzuul.routes.config-backstage.path=/config-backstage/**\nzuul.routes.config-backstage.serviceId=autumn-config-backstage\nzuul.routes.config-backstage.sensitive-headers=true\nzuul.routes.config-backstage.custom-sensitive-headers=true\n\nzuul.routes.integral-center-openapi.path=/open/**\nzuul.routes.integral-center-openapi.serviceId=gyb-integral-openapi\nzuul.routes.integral-center-openapi.sensitive-headers=true\nzuul.routes.integral-center-openapi.custom-sensitive-headers=true\n\nzuul.routes.integral-center-webapi.path=/integral/center/**\nzuul.routes.integral-center-webapi.serviceId=gyb-integral-center\nzuul.routes.integral-center-webapi.sensitive-headers=true\nzuul.routes.integral-center-webapi.custom-sensitive-headers=true\n\nzuul.routes.autumn-member.path=/member/**\nzuul.routes.autumn-member.serviceId=autumn-member\nzuul.routes.autumn-member.sensitive-headers=true\nzuul.routes.autumn-member.custom-sensitive-headers=true\n\nzuul.routes.integral-site-web.path=/integral-site-web/**\nzuul.routes.integral-site-web.serviceId=guinong-integral-site-web\nzuul.routes.integral-site-web.sensitive-headers=true\nzuul.routes.integral-site-web.custom-sensitive-headers=true\n\nzuul.routes.business-web.path=/business-web/**\nzuul.routes.business-web.serviceId=guinong-business-web\nzuul.routes.business-web.sensitive-headers=true\nzuul.routes.business-web.custom-sensitive-headers=true\n\nzuul.routes.gyb-integral-manager.path=/gyb-integral-manager/**\nzuul.routes.gyb-integral-manager.serviceId=gyb-integral-manager\nzuul.routes.gyb-integral-manager.sensitive-headers=true\nzuul.routes.gyb-integral-manager.custom-sensitive-headers=true\n\nzuul.routes.gyb-integral-backstage.path=/gyb-integral-backstage/**\nzuul.routes.gyb-integral-backstage.serviceId=gyb-integral-backstage\nzuul.routes.gyb-integral-backstage.sensitive-headers=true\nzuul.routes.gyb-integral-backstage.custom-sensitive-headers=true\n\nzuul.routes.gyb-integral-app.path=/gyb-integral-app/**\nzuul.routes.gyb-integral-app.serviceId=gyb-integral-app\nzuul.routes.gyb-integral-app.sensitive-headers=true\nzuul.routes.gyb-integral-app.custom-sensitive-headers=true\n\nzuul.routes.weixin.path=/weixin/**\nzuul.routes.weixin.serviceId=guinong-weixin\nzuul.routes.weixin.sensitive-headers=true\nzuul.routes.weixin.custom-sensitive-headers=true\n\nzuul.routes.autumn-log.path=/autumn-log/**\nzuul.routes.autumn-log.serviceId=autumn-log\nzuul.routes.autumn-log.sensitive-headers=true\nzuul.routes.autumn-log.custom-sensitive-headers=true\n\nzuul.routes.autumn-scheduler-admin.path=/autumn-scheduler-admin/**\nzuul.routes.autumn-scheduler-admin.serviceId=autumn-scheduler-admin\nzuul.routes.autumn-scheduler-admin.sensitive-headers=true\nzuul.routes.autumn-scheduler-admin.custom-sensitive-headers=true\n\n#优惠卷后台\nzuul.routes.guinong-coupon-admin.path=/guinong-coupon-admin/**\nzuul.routes.guinong-coupon-admin.serviceId=guinong-coupon-admin\nzuul.routes.guinong-coupon-admin.sensitive-headers=true\nzuul.routes.guinong-coupon-admin.custom-sensitive-headers=true\n\n#拼团后台\nzuul.routes.guinong-fightgroups-admin.path=/guinong-fightgroups-admin/**\nzuul.routes.guinong-fightgroups-admin.serviceId=guinong-fightgroups-admin\nzuul.routes.guinong-fightgroups-admin.sensitive-headers=true\nzuul.routes.guinong-fightgroups-admin.custom-sensitive-headers=true\n\n\n#拼团app\nzuul.routes.guinong-fightgroups-app.path=/guinong-fightgroups-app/**\nzuul.routes.guinong-fightgroups-app.serviceId=guinong-fightgroups-app\nzuul.routes.guinong-fightgroups-app.sensitive-headers=true\nzuul.routes.guinong-fightgroups-app.custom-sensitive-headers=true\n\n#充值服务\nzuul.routes.guinong-recharge-server.path=/recharge/**\nzuul.routes.guinong-recharge-server.serviceId=guinong-recharge-server\nzuul.routes.guinong-recharge-server.sensitive-headers=true\nzuul.routes.guinong-recharge-server.custom-sensitive-headers=true\n\n#股金管理后台web端\nzuul.routes.shares-admin.path=/shares-admin/**\nzuul.routes.shares-admin.serviceId=shares-admin-web\nzuul.routes.shares-admin.sensitive-headers=true\nzuul.routes.shares-admin.custom-sensitive-headers=true\n\n\n#股金组织web端\nzuul.routes.branches-web.path=/organization-web/**\nzuul.routes.branches-web.serviceId=shares-organization-web\nzuul.routes.branches-web.sensitive-headers=true\nzuul.routes.branches-web.custom-sensitive-headers=true\n\n#股金店铺web端\nzuul.routes.shares-web.path=/shares-web/**\nzuul.routes.shares-web.serviceId=guinong-shares-web\nzuul.routes.shares-web.sensitive-headers=true\nzuul.routes.shares-web.custom-sensitive-headers=true', '20', '', 'properties', '2', '', '2018-01-31 13:58:33', '2018-06-07 14:15:17');
INSERT INTO `app_info_profile` VALUES ('18', '1', '14', 'dev', 'master', 'eureka:\n  client:\n    healthcheck:\n      enabled: false\n  instance:\n    lease-expiration-duration-in-seconds: 30\n    lease-renewal-interval-in-seconds: 10\nspring:\n    datasource: $ref mysql_integral\n    redis: $ref redis_10\n    rabbitmq: $ref rabbitmq_integral_app\n    freemarker:\n        template-loader-path: classpath:/templates\n    mvc:\n        throw-exception-if-no-handler-found: true\n    resources:\n        add-mappings: false\nlogging:\n  level:\n    org.springframework:\n      data: INFO\n      security: INFO\nmybatis:\n  mapperLocations: classpath:mapper/*.xml\n  typeAliasesPackage: com.autumn.sharecapital.models\n  configLocation: classpath:mybatis-config.xml\n\ngybIntegral:\n    eventtime:\n        expreTime:\n            submit-expire-time-mis: 7200000\n            confrim-order-time-day: 7\n            sms-expire-time-mis: 120000\nautumn:   \n    auth:\n        tokenSecret: guinong\n        expire: 3600\n        database-id: 11\n    pay:\n        client:\n            app-id: gn56321522691554141803\n            merchant-id: 608856324915310313201712\n            server-root-url: https://pay.guinong.com\n            #server-root-url: http://localhost:9056\n            sign-key: 4C8A68EBD9854F38B85A21843E230261\n            pay-notify-url: http://dev.guinong.com:8762/gyb-integral-app/api/integral/pay/payNotify\n            pay-outServer-url: https://pay.guinong.com\n            refund-notify-url:\n            transfers-notify-url:\n            web-return-url: \"http://dev.guinong.com:8762/integral-site-web/#/order/orderList\"\n            wap-return-url: \"http://dev.guinong.com:8762/weixin/#/gyShops/orderSuccess\"\n            transfers-channel-id:\n    message:\n        rabbitmq: $ref rabbitmq_autumn_message\n    redis:\n       host: 192.168.1.248\n       port: 6379\n    #   password: 123456  \n       database: 1\n       lockDatabase: 2\n       timeout: 10000\n       pool:\n          max-idle: 8\n          min-idle: 0\n          max-active: 10\n          max-wait: 1  \nalioss:\n    endpoint: oss-cn-shenzhen.aliyuncs.com\n    accessKeyId: DwXs8JBGzDHsyTUR\n    accessKeySecret: 5HwqfsJ77FKOlwHLQJBT0QxrerNrrN\n    bucketName: gnshopimage\n    picLocation: integral/img/\n    picDomain: http://img.guinong.com/\ninfo:\n    service:\n       port: ${server.port}\n    application:\n       artifact: gyb-integral-app\n       name: ${spring.application.name}\n       description: 积分商城\n       version: 0.0.1-SNAPSHOT\n', '9', '', 'yml', '2', '', '2018-01-31 15:41:48', '2018-02-09 15:33:14');
INSERT INTO `app_info_profile` VALUES ('20', '1', '15', 'pro', 'master', 'eureka:\n  client:\n    healthcheck:\n      enabled: false\n  instance:\n    lease-expiration-duration-in-seconds: 30\n    lease-renewal-interval-in-seconds: 10\nspring:\n  datasource: $ref mysql_autumn_member\n  redis: $ref redis_2\n  freemarker:\n    template-loader-path: classpath:/templates\n  mvc:\n    throw-exception-if-no-handler-found: true\n  resources:\n    add-mappings: false\nlogging:\n  level:\n    org.springframework:\n      data: DEBUG\n      security: DEBUG\nmybatis:\n  mapperLocations: classpath:mapper/*.xml\n  typeAliasesPackage: com.autumn.sharecapital.models\n  configLocation: classpath:mybatis-config.xml\nautumn:\n  auth:\n    tokenSecret: guinong\n    expire: 3600\n    database-id: 3\n  message:\n    rabbitmq: $ref rabbitmq_autumn_message\n#会员中心相关配置\nmember:\n  # 图片主机域名配置\n  #imageHost: http://img.guinong.com\n  # 最大登录错误次数\n  #loginErrorMaxCount: 5\n  # 用户登陆错误次数过期时间\n  #maxErrorCountExpireSeconds: 300\n  # 图片验证码过期时间\n  #maxImageCodeExpireSeconds: 300\n  # 发送短信验证码过期时间\n  #maxSendCodeExprireSeconds: 300\n  # 检测用户令牌过期事件\n  #checkAccountTokenExprireSeconds: 300\n  restRegisterHost: http://192.168.1.248:8810/', '2', '', 'yml', '2', '', '2018-01-31 15:57:57', '2018-03-05 14:28:31');
INSERT INTO `app_info_profile` VALUES ('21', '1', '16', 'dev', 'master', 'eureka:\n  client:\n    healthcheck:\n      enabled: false\n  instance:\n    lease-expiration-duration-in-seconds: 30\n    lease-renewal-interval-in-seconds: 10\nspring:\n    datasource: $ref mysql_integral\n    redis: $ref redis_10\n    rabbitmq: $ref rabbitmq_integral_app\n    freemarker:\n        template-loader-path: classpath:/templates\n    mvc:\n        throw-exception-if-no-handler-found: true\n    resources:\n        add-mappings: false\nlogging:\n  level:\n    org.springframework:\n      data: INFO\n      security: INFO\n            \n#Mybatis配置\nmybatis:\n  mapperLocations: classpath:mapper/*.xml\n  typeAliasesPackage: com.autumn.sharecapital.models\n  configLocation: classpath:mybatis-config.xml\n#typeHandlersPackage:   扫描typeHandlers的包\ngybIntegral:\n    eventtime:\n        expreTime:\n            submit-expire-time-mis: 7200000\n            confrim-order-time-day: 7\n            sms-expire-time-mis: 120000\n#autumn 的相关配置    \nautumn:   \n    auth:\n        tokenSecret: guinong\n        expire: 3600\n        database-id: 3\n#alioss 的相关配置\nalioss:\n    endpoint: oss-cn-shenzhen.aliyuncs.com\n    accessKeyId: DwXs8JBGzDHsyTUR\n    accessKeySecret: 5HwqfsJ77FKOlwHLQJBT0QxrerNrrN\n    bucketName: gnshopimage\n    picLocation: integral/img/\n    picDomain: http://img.guinong.com/\ninfo:\n    service:\n       port: ${server.port}\n    application:\n       artifact: gyb-integral-backstage\n       name: ${spring.application.name}\n       description: 管理后台\n       version: 0.0.1-SNAPSHOT', '5', '', 'yml', '2', '', '2018-01-31 15:58:20', '2018-02-09 15:33:31');
INSERT INTO `app_info_profile` VALUES ('22', '1', '17', 'dev', 'master', 'eureka:\n  client:\n    healthcheck:\n      enabled: false\n  instance:\n    lease-expiration-duration-in-seconds: 30\n    lease-renewal-interval-in-seconds: 10\nspring:\n    #数据库配置\n    datasource: $ref mysql_integral\n#spring.redis配置spring.redis...\n    redis: $ref redis_10\n#spring freemarker视图模板引擎配置\n    freemarker:\n     #设定ftl文件路径\n        template-loader-path: classpath:/templates\n    mvc:\n      #设定静态文件路径，js,css等\n      #  static-path-pattern: /static/**\n      #由程序抛出异常\n        throw-exception-if-no-handler-found: true\n    resources:\n       #不定位资源\n        add-mappings: false\n    http:\n      multipart:\n        max-file-size: 10240000         \n       \nlogging:\n  level:\n    org.springframework:\n      data: INFO\n      security: INFO       \n            \n#Mybatis配置\nmybatis:\n  mapperLocations: classpath:mapper/*.xml\n  typeAliasesPackage: com.autumn.sharecapital.models\n  configLocation: classpath:mybatis-config.xml\n#typeHandlersPackage:   扫描typeHandlers的包\n\ngybIntegral:\n    eventtime:\n        expreTime:\n            submit-expire-time-mis: 7200000\n            confrim-order-time-day: 7\n            sms-expire-time-mis: 120000\n    \n#autumn 的相关配置    \nautumn:   \n    auth:\n        tokenSecret: guinong\n        expire: 3600\n        database-id: 11\n\n#alioss 的相关配置    \nalioss:\n    endpoint: oss-cn-shenzhen.aliyuncs.com\n    accessKeyId: DwXs8JBGzDHsyTUR\n    accessKeySecret: 5HwqfsJ77FKOlwHLQJBT0QxrerNrrN\n    bucketName: gnshopimage\n    picLocation: integral/shop/\n    picDomain: http://img.guinong.com/\n    \n    \n    \ninfo:\n    service:\n       port: ${server.port}\n    application:\n       artifact: gyb-integral-manager\n       name: ${spring.application.name}\n       description: 商家后台\n       version: 0.0.1-SNAPSHOT', '5', '', 'yml', '2', '', '2018-01-31 16:02:17', '2018-04-25 09:36:25');
INSERT INTO `app_info_profile` VALUES ('23', '1', '18', 'pro', 'master', 'client:\n  healthcheck:\n    enabled: false\n  instance:\n    lease-expiration-duration-in-seconds: 30\n    lease-renewal-interval-in-seconds: 10\nspring:\n  datasource: $ref mysql_autumn_member\n  redis: $ref redis_2\n  freemarker:\n    template-loader-path: classpath:/templates\n  mvc:\n    throw-exception-if-no-handler-found: true\n  resources:\n    add-mappings: false\nlogging:\n  level:\n    org.springframework:\n      data: DEBUG\n      security: DEBUG\nmybatis:\n  mapperLocations: classpath:mapper/*.xml\n  typeAliasesPackage: com.autumn.sharecapital.models\n  configLocation: classpath:mybatis-config.xml\nautumn:\n  auth:\n    tokenSecret: guinong\n    expire: 3600\n    database-id: 3', '3', '', 'yml', '2', '', '2018-01-31 16:13:46', '2018-02-07 11:04:46');
INSERT INTO `app_info_profile` VALUES ('24', '1', '19', 'pro', 'master', 'client:\n  healthcheck:\n    enabled: false\n  instance:\n    lease-expiration-duration-in-seconds: 30\n    lease-renewal-interval-in-seconds: 10\nspring:\n  #数据库配置\n  datasource: $ref mysql_integral\n  #spring.redis配置spring.redis...\n  redis: $ref redis_2\n  #spring freemarker视图模板引擎配置\n  freemarker:\n    #设定ftl文件路径\n    template-loader-path: classpath:/templates\n  mvc:\n    #设定静态文件路径，js,css等\n    #tatic-path-pattern: /static/**\n    #由程序抛出异常\n    throw-exception-if-no-handler-found: true\n  resources:\n     #不定位资源\n     add-mappings: false\n\n#日志配置\nlogging:\n  level:\n    org.springframework:\n      data: DEBUG\n      security: DEBUG       \n            \n#Mybatis配置\nmybatis:\n  mapperLocations: classpath:mapper/*.xml\n  typeAliasesPackage: com.autumn.sharecapital.models\n  configLocation: classpath:mybatis-config.xml\n  #扫描typeHandlers的包\n  #typeHandlersPackage:\n    \n#autumn 的相关配置    \nautumn:   \n  auth:\n    tokenSecret: guinong\n    expire: 3600\n    database-id: 3\n  message:\n    rabbitmq: $ref rabbitmq_autumn_message', '1', '', 'yml', '2', '', '2018-01-31 16:34:26', '2018-02-02 16:41:38');
INSERT INTO `app_info_profile` VALUES ('25', '1', '20', 'pro', 'master', 'client:\n  healthcheck:\n    enabled: false\n  instance:\n    lease-expiration-duration-in-seconds: 30\n    lease-renewal-interval-in-seconds: 10\nspring:\n  #数据库配置\n  datasource: $ref mysql_integral\n  #rabbitmq配置\n  rabbitmq: $ref rabbitmq_gyb_integral_openapi\n  #spring freemarker视图模板引擎配置\n  freemarker:\n    #设定ftl文件路径\n    template-loader-path: classpath:/templates\n  mvc:\n    #设定静态文件路径，js,css等\n    #tatic-path-pattern: /static/**\n    #由程序抛出异常\n    throw-exception-if-no-handler-found: true\n  resources:\n     #不定位资源\n     add-mappings: false\n\n#日志配置\nlogging:\n  level:\n    org.springframework:\n      data: DEBUG\n      security: DEBUG       \n            \n#Mybatis配置\nmybatis:\n  mapperLocations: classpath:mapper/*.xml\n  typeAliasesPackage: com.autumn.sharecapital.models\n  configLocation: classpath:mybatis-config.xml\n  #扫描typeHandlers的包\n  #typeHandlersPackage:\n    \n#autumn 的相关配置    \nautumn:   \n  auth:\n    tokenSecret: guinong\n    expire: 3600\n    database-id: 3\n\n#积分中心配置\nintegralCenter:\n  #最大分页条数\n  pageMaxValue: 100\n  #国密算法公钥\n  publicKey: BOvqf9ISBrHL3yYlyKnkBaSAkW2mBWdgp+Q8gm41TuwVj2MpvlGTMsjqte/LtxsuGj3Wj8IPPhgqcsvURu390XE=\n  #国密算法用户标识\n  #userId:\n  #国密算法\n  secretKey: f5d17d71f27b49ecb9f421083593600f', '1', '', 'yml', '2', '', '2018-01-31 16:47:38', '2018-01-31 16:49:48');
INSERT INTO `app_info_profile` VALUES ('26', '1', '21', 'pro', 'master', 'eureka:\n  client:\n    healthcheck:\n      enabled: false\n  instance:\n    lease-expiration-duration-in-seconds: 30\n    lease-renewal-interval-in-seconds: 10\nspring: \n  redis: $ref redis_2\n  data:\n    mongodb: $ref mongodb_log\n  freemarker:\n    template-loader-path: classpath:/templates\n  mvc:\n    throw-exception-if-no-handler-found: true\n  resources:\n    add-mappings: false\nlogging:\n  level:\n    org.springframework:\n      data: INFO\n      security: INFO\nmybatis:\n  configLocation: classpath:mybatis-config.xml\nautumn:\n  auth:\n    tokenSecret: guinong\n    expire: 3600\n    database-id: 3\n  web:\n    publish-type: DEBUG\ninfo:\n  service:\n    port: ${server.port}\n  application:\n    artifact: autumn-sms\n    name: ${spring.application.name}\n    description: 日志服务\n    version: 0.2.0', '11', '', 'yml', '2', '', '2018-02-01 20:14:37', '2018-06-01 10:32:00');
INSERT INTO `app_info_profile` VALUES ('27', '1', '22', 'dev', 'master', 'eureka:\n  client:\n    healthcheck:\n      enabled: false\n  instance:\n    lease-expiration-duration-in-seconds: 30\n    lease-renewal-interval-in-seconds: 10\nspring:\n    datasource: $ref mysql_guinong_backstage     \n    redis: $ref redis_1  \n    freemarker:\n        template-loader-path: classpath:/templates\n    mvc:\n        throw-exception-if-no-handler-found: true\n    resources:\n        add-mappings: false         \nlogging:\n  level:\n    org.springframework:\n      data: DEBUG\n      security: DEBUG       \nmybatis:\n  mapperLocations: classpath:mapper/*.xml\n  typeAliasesPackage: com.guinong.backstage.pojo.model\n  configLocation: classpath:mybatis-config.xml \nautumn:   \n    auth:\n        tokenSecret: guinong\n        expire: 3600\n        database-id: 3', '2', '', 'yml', '2', '', '2018-02-02 17:04:54', '2018-02-02 17:09:41');
INSERT INTO `app_info_profile` VALUES ('28', '1', '23', 'pro', 'master', 'eureka:\n  client:\n    healthcheck:\n      enabled: false\n  instance:\n    lease-expiration-duration-in-seconds: 30\n    lease-renewal-interval-in-seconds: 10\nspring: \n  datasource: $ref mysql-autumn-scheduler\n  redis: $ref redis_2\nmybatis:\n  configLocation: classpath:mybatis-config.xml\nautumn:\n  auth:\n    tokenSecret: guinong\n    expire: 3600\n  web:\n    publish-type: DEBUG\ninfo:\n  service:\n    port: ${server.port}\n  application:\n    artifact: autumn-scheduler-admin\n    name: ${spring.application.name}\n    description: 任务调度服务\n    version: 0.3.0', '4', '', 'yml', '2', '', '2018-03-27 17:29:17', '2018-04-24 20:53:27');
INSERT INTO `app_info_profile` VALUES ('29', '1', '24', 'pro', 'master', 'eureka:\n  client:\n    healthcheck:\n      enabled: false\n  instance:\n    lease-expiration-duration-in-seconds: 30\n    lease-renewal-interval-in-seconds: 10\nspring:\n    redis: $ref redis_1  \n    freemarker:\n        template-loader-path: classpath:/templates\n    mvc:\n        throw-exception-if-no-handler-found: true\n    resources:\n        add-mappings: false \nmybatis:\n  mapperLocations: classpath:mapper/*.xml\n  typeAliasesPackage: com.guinong.sharecapital\n  configLocation: classpath:mybatis-config.xml \nautumn:   \n    auth:\n        tokenSecret: guinong\n        expire: 3600\n        database-id: 3\n    serviceId: ${spring.application.name}\nalioss:\n    endpoint: oss-cn-shenzhen.aliyuncs.com\n    accessKeyId: DwXs8JBGzDHsyTUR\n    accessKeySecret: 5HwqfsJ77FKOlwHLQJBT0QxrerNrrN\n    bucketName: gnshopimage\n    picLocation: sharecapital/\n    fileLocation: sharecapital/shop/file/\n    picDomain: http://img.guinong.com/\n', '4', '', 'yml', '2', '', '2018-03-29 17:59:15', '2018-04-24 19:25:34');
INSERT INTO `app_info_profile` VALUES ('31', '1', '25', 'pro', 'master', 'client:\n  healthcheck:\n    enabled: true\n  instance:\n    lease-expiration-duration-in-seconds: 30\n    lease-renewal-interval-in-seconds: 10\nspring:\n  datasource: $ref mysql_guinong_coupon\n  redis: $ref redis_2\n  freemarker:\n    template-loader-path: classpath:/templates\n  mvc:\n    throw-exception-if-no-handler-found: true\n  resources:\n    add-mappings: false\nlogging:\n  level:\n    org.springframework:\n      data: DEBUG\n      security: DEBUG\nmybatis:\n  mapperLocations: classpath:mapper/*.xml\n  typeAliasesPackage: com.guinong.coupon.entities\n  configLocation: classpath:mybatis-config.xml\nautumn:\n  auth:\n    tokenSecret: guinong\n    expire: 3600\n    database-id: 3', '4', '', 'yml', '2', '', '2018-04-02 10:59:44', '2018-04-26 17:45:12');
INSERT INTO `app_info_profile` VALUES ('32', '1', '26', 'pro', 'master', 'client:\n  healthcheck:\n    enabled: true\n  instance:\n    lease-expiration-duration-in-seconds: 30\n    lease-renewal-interval-in-seconds: 10\nspring:\n  datasource: $ref mysql_guinong_coupon\n  redis: $ref redis_2\n  freemarker:\n    template-loader-path: classpath:/templates\n  mvc:\n    throw-exception-if-no-handler-found: true\n  resources:\n    add-mappings: false\nlogging:\n  level:\n    org.springframework:\n      data: DEBUG\n      security: DEBUG\nmybatis:\n  mapperLocations: classpath:mapper/*.xml\n  typeAliasesPackage: com.autumn.sharecapital.models\n  configLocation: classpath:mybatis-config.xml\nautumn:\n  auth:\n    tokenSecret: guinong\n    expire: 3600\n    database-id: 3', '3', '', 'yml', '2', '', '2018-04-02 11:01:40', '2018-04-26 17:45:31');
INSERT INTO `app_info_profile` VALUES ('33', '1', '27', 'pro', 'master', 'client:\n  healthcheck:\n    enabled: true\n  instance:\n    lease-expiration-duration-in-seconds: 30\n    lease-renewal-interval-in-seconds: 10\nspring:\n  data:\n    mongodb: $ref mongodb_guinong_comment\n  #排除数据源\n  autoconfigure:\n    exclude: org.springframework.boot.autoconfigure.jdbc.DataSourceAutoConfiguration\nlogging:\n  level:\n    org.springframework:\n      data: DEBUG\n      security: DEBUG\nautumn:\n  auth:\n    tokenSecret: guinong\n    expire: 3600\n    database-id: 3', '9', '', 'yml', '2', '', '2018-04-09 12:00:46', '2018-06-01 10:31:38');
INSERT INTO `app_info_profile` VALUES ('34', '1', '28', 'pro', 'master', 'eureka:\n  client:\n    healthcheck:\n      enabled: true\n  instance:\n    lease-expiration-duration-in-seconds: 30\n    lease-renewal-interval-in-seconds: 10\nspring:\n  datasource: $ref mysql_guinong_welfare\n  redis: $ref redis_2\n  freemarker:\n    template-loader-path: classpath:/templates\n  mvc:\n    throw-exception-if-no-handler-found: true\n  resources:\n    add-mappings: false\nlogging:\n  level:\n    org.springframework:\n      data: DEBUG\n      security: DEBUG\nmybatis:\n  mapperLocations: classpath:mapper/*.xml\n  typeAliasesPackage: com.autumn.sharecapital.models\n  configLocation: classpath:mybatis-config.xml\nautumn:\n  auth:\n    tokenSecret: guinong\n    expire: 3600\n    database-id: 3\n#aliOSS 的相关配置\nalioss:\n    endpoint: oss-cn-shenzhen.aliyuncs.com\n    accessKeyId: DwXs8JBGzDHsyTUR\n    accessKeySecret: 5HwqfsJ77FKOlwHLQJBT0QxrerNrrN\n    bucketName: gnshopimage\n    picLocation: activity/welfare/\n    picDomain: http://img.guinong.com/', '4', '', 'yml', '2', '', '2018-04-09 15:18:38', '2018-04-26 17:45:59');
INSERT INTO `app_info_profile` VALUES ('35', '1', '29', 'pro', 'master', 'eureka:\n  client:\n    healthcheck:\n      enabled: true\n  instance:\n    lease-expiration-duration-in-seconds: 30\n    lease-renewal-interval-in-seconds: 10\nspring:\n    application:\n    #数据库配置\n    datasource: $ref sqlserver_guinong_haimall\n#spring.redis配置spring.redis...\n    redis: $ref redis_2\n#spring freemarker视图模板引擎配置  \n    freemarker:\n     #设定ftl文件路径\n        template-loader-path: classpath:/templates\n    mvc:\n      #设定静态文件路径，js,css等\n      #  static-path-pattern: /static/**\n      #由程序抛出异常\n        throw-exception-if-no-handler-found: true\n    resources:\n       #不定位资源\n        add-mappings: false \nlogging:\n  level:\n    org.springframework:\n      data: DEBUG\n      security: DEBUG   \n#Mybatis配置\nmybatis:\n  mapperLocations: classpath:mapper/*.xml\n  typeAliasesPackage: com.autumn.sharecapital.entities\n  configLocation: classpath:mybatis-config.xml\n#typeHandlersPackage:   扫描typeHandlers的包\n#autumn 的相关配置    \nautumn:\n  auth:\n    tokenSecret: guinong\n    expire: 3600\n    database-id: 3\n#aliOSS 的相关配置\nalioss:\n    endpoint: oss-cn-shenzhen.aliyuncs.com\n    accessKeyId: DwXs8JBGzDHsyTUR\n    accessKeySecret: 5HwqfsJ77FKOlwHLQJBT0QxrerNrrN\n    bucketName: gnshopimage\n    picLocation: activity/freenh/\n    picDomain: http://img.guinong.com/', '3', '', 'yml', '2', '', '2018-04-09 15:52:05', '2018-05-15 15:05:12');
INSERT INTO `app_info_profile` VALUES ('36', '1', '30', 'dev', 'master', 'eureka:\n  client:\n    healthcheck:\n      enabled: true\n  instance:\n    lease-expiration-duration-in-seconds: 30\n    lease-renewal-interval-in-seconds: 10\nspring:\n    application: guinong-fightgroups-app\n    #数据库配置\n    datasource: $ref mysql_guinong-fightgroups\n#spring.redis配置spring.redis...\n    redis: $ref redis_2\n#spring freemarker视图模板引擎配置  \n    freemarker:\n     #设定ftl文件路径\n        template-loader-path: classpath:/templates\n    mvc:\n      #设定静态文件路径，js,css等\n      #  static-path-pattern: /static/**\n      #由程序抛出异常\n        throw-exception-if-no-handler-found: true\n    resources:\n       #不定位资源\n        add-mappings: false \nmybatis:\n  mapperLocations: classpath:mapper/*.xml\n  typeAliasesPackage: com.guinong.fightgroups\n  configLocation: classpath:mybatis-config.xml \n#autumn 的相关配置    \nautumn:\n  auth:\n    tokenSecret: guinong\n    expire: 3600\n    database-id: 3\n  pay:\n    client:\n            app-id: gn56321522691554141803\n            merchant-id: 608856324915310313201712\n            server-root-url: http://pay.guinong.com\n            #server-root-url: http://localhost:9056\n            sign-key: 4C8A68EBD9854F38B85A21843E230261\n            pay-notify-url: http://dev.guinong.com:8762/guinong-fightgroups-app/api/pay/payNotify\n            pay-outServer-url: http://pay.guinong.com\n            refund-notify-url: http://dev.guinong.com:8762/guinong-fightgroups-app/api/pay/refundNotify\n            transfers-notify-url:\n            web-return-url: \"http://dev.guinong.com:8762/guinong-fightgroups-app/api/pay/refundNotify\"\n            wap-return-url: \"http://wap.guinong.com/#/order/orderList?qrderStatus=2\"\n            transfers-channel-id:\n#微信分享参数\nwechat:\n  appId: \"wx7c91b62b01094c48\"\n  appSecret: \"6ba76ce9dd7ff4b9dec3248f62a3f64d\"\n  accessTokenUrl : \"https://api.weixin.qq.com/cgi-bin/token?grant_type=client_credential&appid=APPID&secret=APPSECRET\"\n  apiTicketUrl : \"https://api.weixin.qq.com/cgi-bin/ticket/getticket?access_token=ACCESS_TOKEN&type=jsapi\"\n\n#h5分享地址配置\nshare:\n  productShare: \"http://192.168.1.248:8762/weixin/#/fightGroups/fightGroupList/fightGroupDeatil\"\n  groupShare: \"http://192.168.1.248:8762/weixin/#/fightGroups/shareFight\"\n', '27', '', 'yml', '2', '', '2018-04-10 16:28:27', '2018-05-07 10:41:12');
INSERT INTO `app_info_profile` VALUES ('37', '1', '31', 'pro', 'master', 'client:\n  healthcheck:\n    enabled: true\n  instance:\n    lease-expiration-duration-in-seconds: 30\n    lease-renewal-interval-in-seconds: 10\nspring:\n  datasource: $ref mysql_guinong-fightgroups\n  redis: $ref redis_2\n  freemarker:\n    template-loader-path: classpath:/templates\n  mvc:\n    throw-exception-if-no-handler-found: true\n  resources:\n    add-mappings: false\n  http:\n    multipart:\n      max-file-size: 10240000 \nlogging:\n  level:\n    org.springframework:\n      data: DEBUG\n      security: DEBUG\nmybatis:\n  mapperLocations: classpath:mapper/*.xml\n  typeAliasesPackage: com.autumn.sharecapital.models\n  configLocation: classpath:mybatis-config.xml\nautumn:\n  auth:\n    tokenSecret: guinong\n    expire: 3600\n    database-id: 3\n\n#alioss 的相关配置    \nalioss:\n    endpoint: oss-cn-shenzhen.aliyuncs.com\n    accessKeyId: DwXs8JBGzDHsyTUR\n    accessKeySecret: 5HwqfsJ77FKOlwHLQJBT0QxrerNrrN\n    bucketName: gnshopimage\n    picLocation: fightgroups/\n    picDomain: http://img.guinong.com/', '4', '', 'yml', '2', '', '2018-04-10 17:24:26', '2018-04-28 17:06:34');
INSERT INTO `app_info_profile` VALUES ('38', '1', '32', 'pro', 'master', 'client:\n  healthcheck:\n    enabled: true\n  instance:\n    lease-expiration-duration-in-seconds: 30\n    lease-renewal-interval-in-seconds: 10\nspring:\n  datasource: $ref mysql_guinong-fightgroups\n  redis: $ref redis_2\n  freemarker:\n    template-loader-path: classpath:/templates\n  mvc:\n    throw-exception-if-no-handler-found: true\n  resources:\n    add-mappings: false\nlogging:\n  level:\n    org.springframework:\n      data: DEBUG\n      security: DEBUG\nmybatis:\n  mapperLocations: classpath:mapper/*.xml\n  typeAliasesPackage: com.autumn.sharecapital.models\n  configLocation: classpath:mybatis-config.xml\nautumn:\n  auth:\n    tokenSecret: guinong\n    expire: 3600\n    database-id: 3', '2', '', 'yml', '2', '', '2018-04-10 17:27:54', '2018-04-26 17:46:51');
INSERT INTO `app_info_profile` VALUES ('39', '1', '33', 'dev', 'master', 'eureka:\n  client:\n    healthcheck:\n      enabled: false\n  instance:\n    lease-expiration-duration-in-seconds: 30\n    lease-renewal-interval-in-seconds: 10\nspring:\n    datasource: $ref mysql_sharecapital_management    \n    redis: $ref redis_1  \n    freemarker:\n        template-loader-path: classpath:/templates\n    mvc:\n        throw-exception-if-no-handler-found: true\n    resources:\n        add-mappings: false         \nlogging:\n  level:\n    org.springframework:\n      data: DEBUG\n      security: DEBUG       \nmybatis:\n  mapperLocations: classpath:mapper/*.xml\n  typeAliasesPackage: com.guinong.sharecapital\n  configLocation: classpath:mybatis-config.xml \nautumn:   \n    auth:\n        tokenSecret: guinong\n        expire: 3600\n        database-id: 3\n    serviceId: sharecapital-backstage\nalioss:\n    endpoint: oss-cn-shenzhen.aliyuncs.com\n    accessKeyId: DwXs8JBGzDHsyTUR\n    accessKeySecret: 5HwqfsJ77FKOlwHLQJBT0QxrerNrrN\n    bucketName: gnshopimage\n    picLocation: sharecapital/\n    fileLocation: sharecapital/shop/file/\n    picDomain: http://img.guinong.com/', '2', '', 'yml', '1', '', '2018-05-16 09:57:48', '2018-05-23 15:39:27');
INSERT INTO `app_info_profile` VALUES ('40', '1', '34', 'pro', 'master', 'eureka:\n  client:\n    healthcheck:\n      enabled: true\n  instance:\n    lease-expiration-duration-in-seconds: 30\n    lease-renewal-interval-in-seconds: 10\nspring:\n  datasource: $ref mysql_guinong_recharge\n  redis: $ref redis_2\n  #rabbitmq配置\n  rabbitmq: $ref rabbitmq_gyb_integral_openapi\n  freemarker:\n    template-loader-path: classpath:/templates\n  mvc:\n    throw-exception-if-no-handler-found: true\n  resources:\n    add-mappings: false\nlogging:\n  level:\n    org.springframework:\n      data: DEBUG\n      security: DEBUG\nmybatis:\n  mapperLocations: classpath:mapper/*.xml\n  typeAliasesPackage: com.autumn.sharecapital.models\n  configLocation: classpath:mybatis-config.xml\nautumn:\n  auth:\n    tokenSecret: guinong\n    expire: 3600\n    database-id: 3\n  pay:\n    client:\n      app-id: gn56321522691554141803\n      merchant-id: 608856324915310313201712\n      server-root-url: http://pay.guinong.com\n      sign-key: 4C8A68EBD9854F38B85A21843E230261\n      pay-notify-url: http://dev.guinong.com:8762/recharge/api/recharge/trade/pay/notify\n      pay-outServer-url: http://pay.guinong.com\n      refund-notify-url: http://dev.guinong.com:8762/recharge/api/recharge/trade/refund/notify\n      transfers-notify-url:\n      web-return-url: \"http://dev.guinong.com:8762/recharge/api/recharge/trade/pay/notify\"\n      wap-return-url: \"http://wap.guinong.com/#/order/orderList?qrderStatus=2\"\n      transfers-channel-id:\nrecharge:\n  juheServerUrl: http://op.juhe.cn\n  appKey: c1141233a77cff52fac352e39cfa46b0\n  openid: JHbf592a43b2f0a8348bd2cf13b12139c1', '2', '', 'yml', '2', '', '2018-05-23 15:52:30', '2018-05-24 15:55:31');
INSERT INTO `app_info_profile` VALUES ('41', '1', '35', 'pro', 'master', 'autumn:\n  web:\n    publish-type: DEBUG\n  config-backstage-id: autumn-config-backstage\n  message:\n    rabbitmq:\n      host: 192.168.1.248\n      port: 5672\n      virtual-host: autumn-message\n      username: dev\n      password: dev\n      publisher-confirms: true\n      publisher-returns: true\n', '1', '', 'yml', '2', '', '2018-07-04 14:14:09', '2018-07-04 16:25:26');

-- ----------------------------
-- Table structure for `app_info_profile_connection`
-- ----------------------------
DROP TABLE IF EXISTS `app_info_profile_connection`;
CREATE TABLE `app_info_profile_connection` (
  `id` bigint(20) NOT NULL AUTO_INCREMENT,
  `sort_id` int(11) NOT NULL,
  `app_id` bigint(20) NOT NULL,
  `connection_id` bigint(20) NOT NULL,
  `profile_id` bigint(20) NOT NULL,
  PRIMARY KEY (`id`),
  KEY `app_info_profile_connection_app_id` (`app_id`),
  KEY `app_info_profile_connection_sort_id` (`sort_id`),
  KEY `app_info_profile_connection_conn_id` (`connection_id`),
  KEY `app_info_profile_connection_profile_id` (`profile_id`)
) ENGINE=InnoDB AUTO_INCREMENT=257 DEFAULT CHARSET=utf8;

-- ----------------------------
-- Records of app_info_profile_connection
-- ----------------------------
INSERT INTO `app_info_profile_connection` VALUES ('43', '1', '19', '26', '24');
INSERT INTO `app_info_profile_connection` VALUES ('44', '2', '19', '23', '24');
INSERT INTO `app_info_profile_connection` VALUES ('45', '3', '19', '19', '24');
INSERT INTO `app_info_profile_connection` VALUES ('49', '1', '20', '29', '25');
INSERT INTO `app_info_profile_connection` VALUES ('50', '2', '20', '23', '25');
INSERT INTO `app_info_profile_connection` VALUES ('88', '1', '22', '28', '27');
INSERT INTO `app_info_profile_connection` VALUES ('89', '2', '22', '31', '27');
INSERT INTO `app_info_profile_connection` VALUES ('94', '1', '18', '26', '23');
INSERT INTO `app_info_profile_connection` VALUES ('95', '2', '18', '27', '23');
INSERT INTO `app_info_profile_connection` VALUES ('109', '1', '21', '26', '26');
INSERT INTO `app_info_profile_connection` VALUES ('110', '2', '21', '30', '26');
INSERT INTO `app_info_profile_connection` VALUES ('111', '1', '14', '24', '18');
INSERT INTO `app_info_profile_connection` VALUES ('112', '2', '14', '25', '18');
INSERT INTO `app_info_profile_connection` VALUES ('113', '3', '14', '19', '18');
INSERT INTO `app_info_profile_connection` VALUES ('114', '4', '14', '23', '18');
INSERT INTO `app_info_profile_connection` VALUES ('115', '1', '16', '24', '21');
INSERT INTO `app_info_profile_connection` VALUES ('116', '2', '16', '25', '21');
INSERT INTO `app_info_profile_connection` VALUES ('117', '3', '16', '23', '21');
INSERT INTO `app_info_profile_connection` VALUES ('120', '1', '15', '26', '20');
INSERT INTO `app_info_profile_connection` VALUES ('121', '2', '15', '27', '20');
INSERT INTO `app_info_profile_connection` VALUES ('122', '3', '15', '19', '20');
INSERT INTO `app_info_profile_connection` VALUES ('131', '1', '11', '28', '3');
INSERT INTO `app_info_profile_connection` VALUES ('132', '2', '11', '34', '3');
INSERT INTO `app_info_profile_connection` VALUES ('198', '1', '24', '28', '29');
INSERT INTO `app_info_profile_connection` VALUES ('199', '1', '23', '33', '28');
INSERT INTO `app_info_profile_connection` VALUES ('200', '2', '23', '26', '28');
INSERT INTO `app_info_profile_connection` VALUES ('201', '1', '17', '24', '22');
INSERT INTO `app_info_profile_connection` VALUES ('202', '2', '17', '23', '22');
INSERT INTO `app_info_profile_connection` VALUES ('217', '1', '25', '26', '31');
INSERT INTO `app_info_profile_connection` VALUES ('218', '2', '25', '35', '31');
INSERT INTO `app_info_profile_connection` VALUES ('219', '1', '26', '26', '32');
INSERT INTO `app_info_profile_connection` VALUES ('220', '2', '26', '35', '32');
INSERT INTO `app_info_profile_connection` VALUES ('221', '1', '27', '36', '33');
INSERT INTO `app_info_profile_connection` VALUES ('222', '1', '28', '37', '34');
INSERT INTO `app_info_profile_connection` VALUES ('223', '2', '28', '26', '34');
INSERT INTO `app_info_profile_connection` VALUES ('224', '1', '29', '38', '35');
INSERT INTO `app_info_profile_connection` VALUES ('225', '2', '29', '26', '35');
INSERT INTO `app_info_profile_connection` VALUES ('230', '1', '32', '26', '38');
INSERT INTO `app_info_profile_connection` VALUES ('231', '2', '32', '39', '38');
INSERT INTO `app_info_profile_connection` VALUES ('234', '1', '31', '26', '37');
INSERT INTO `app_info_profile_connection` VALUES ('235', '2', '31', '39', '37');
INSERT INTO `app_info_profile_connection` VALUES ('238', '1', '30', '26', '36');
INSERT INTO `app_info_profile_connection` VALUES ('239', '2', '30', '39', '36');
INSERT INTO `app_info_profile_connection` VALUES ('242', '1', '33', '28', '39');
INSERT INTO `app_info_profile_connection` VALUES ('243', '2', '33', '34', '39');
INSERT INTO `app_info_profile_connection` VALUES ('246', '1', '34', '40', '40');
INSERT INTO `app_info_profile_connection` VALUES ('247', '2', '34', '29', '40');
INSERT INTO `app_info_profile_connection` VALUES ('248', '3', '34', '26', '40');
INSERT INTO `app_info_profile_connection` VALUES ('253', '1', '2', '18', '1');
INSERT INTO `app_info_profile_connection` VALUES ('254', '2', '2', '11', '1');
INSERT INTO `app_info_profile_connection` VALUES ('255', '3', '2', '19', '1');
INSERT INTO `app_info_profile_connection` VALUES ('256', '4', '2', '20', '1');

-- ----------------------------
-- Table structure for `cfg_connection`
-- ----------------------------
DROP TABLE IF EXISTS `cfg_connection`;
CREATE TABLE `cfg_connection` (
  `id` bigint(20) NOT NULL AUTO_INCREMENT,
  `sort_id` int(11) NOT NULL,
  `name` varchar(50) NOT NULL,
  `connection_type` int(11) NOT NULL,
  `property_content` text NOT NULL,
  `remark` text,
  `status` int(11) NOT NULL,
  `gmt_create` datetime NOT NULL,
  `gmt_modified` datetime NOT NULL,
  `is_delete` bit(1) NOT NULL,
  `gmt_delete` datetime DEFAULT NULL,
  PRIMARY KEY (`id`),
  KEY `ix_cfg_connection_name` (`name`),
  KEY `ix_cfg_connection_sort_id` (`sort_id`)
) ENGINE=InnoDB AUTO_INCREMENT=41 DEFAULT CHARSET=utf8;

-- ----------------------------
-- Records of cfg_connection
-- ----------------------------
INSERT INTO `cfg_connection` VALUES ('1', '0', 'mysql', '1', 'driver-class-name=com.mysql.jdbc.Driver\r\nurl=jdbc:mysql://127.0.0.1:3306/autumn_configure?characterEncoding=UTF-8&zeroDateTimeBehavior=convertToNull\r\nusername=dev\r\npassword=dev\r\ntype=org.apache.commons.dbcp.BasicDataSource\r\nfilters=stat\r\nmaxActive=20\r\ninitialSize=1\r\nmaxWait=60000\r\nmin-idle=1\r\nmax-idle=10', '', '4', '2017-12-31 01:33:42', '2017-12-31 01:33:42', '', '2017-12-31 02:50:52');
INSERT INTO `cfg_connection` VALUES ('2', '1', 'mySql-9', '1', 'driver-class-name=com.mysql.jdbc.Driver\r\nurl=jdbc:mysql://127.0.0.1:3306/autumn_configure?characterEncoding=UTF-8&zeroDateTimeBehavior=convertToNull\r\nusername=dev\r\npassword=dev\r\ntype=org.apache.commons.dbcp.BasicDataSource\r\nfilters=stat\r\nmaxActive=20\r\ninitialSize=1\r\nmaxWait=60000\r\nmin-idle=1\r\nmax-idle=10', 'ag', '1', '2017-12-31 01:34:00', '2018-01-29 14:42:56', '', '2018-01-29 14:43:00');
INSERT INTO `cfg_connection` VALUES ('3', '2', 'mysql-2', '1', 'driver-class-name=com.mysql.jdbc.Driver\r\nurl=jdbc:mysql://127.0.0.1:3306/autumn_configure?characterEncoding=UTF-8&zeroDateTimeBehavior=convertToNull\r\nusername=dev\r\npassword=dev\r\ntype=org.apache.commons.dbcp.BasicDataSource\r\nfilters=stat\r\nmaxActive=20\r\ninitialSize=1\r\nmaxWait=60000\r\nmin-idle=1\r\nmax-idle=10', '', '1', '2017-12-31 01:34:31', '2018-01-29 14:43:05', '', '2018-01-29 14:43:08');
INSERT INTO `cfg_connection` VALUES ('4', '5', 'abc', '1', 'driver-class-name=com.mysql.jdbc.Driver\r\nurl=jdbc:mysql://127.0.0.1:3306/autumn_configure?characterEncoding=UTF-8&zeroDateTimeBehavior=convertToNull\r\nusername=dev\r\npassword=dev\r\ntype=org.apache.commons.dbcp.BasicDataSource\r\nfilters=stat\r\nmaxActive=20\r\ninitialSize=1\r\nmaxWait=60000\r\nmin-idle=1\r\nmax-idle=10', '', '1', '2017-12-31 16:26:48', '2018-01-29 14:43:10', '', '2018-01-29 14:43:13');
INSERT INTO `cfg_connection` VALUES ('5', '0', 'r54', '1', 'b=asd', 'bc33', '1', '2018-01-02 14:56:35', '2018-01-02 15:04:54', '', '2018-01-02 15:04:57');
INSERT INTO `cfg_connection` VALUES ('6', '0', 'appconfig', '1', 'a=sert', '', '1', '2018-01-02 15:06:34', '2018-01-29 14:42:22', '', '2018-01-29 14:42:25');
INSERT INTO `cfg_connection` VALUES ('7', '10', 'demo-ds1', '1', 'driver-class-name=com.mysql.jdbc.Driver\nurl=jdbc:mysql://192.168.1.250:3306/demo-ds1?characterEncoding=UTF-8&zeroDateTimeBehavior=convertToNull\nusername=dev\npassword=dev\ntype=org.apache.commons.dbcp.BasicDataSource\nfilters=stat\nmaxActive=20\ninitialSize=1\nmaxWait=60000\nmin-idle=1\nmax-idle=10', '股金系统', '1', '2018-01-05 17:22:46', '2018-01-29 14:43:18', '', '2018-01-29 14:43:21');
INSERT INTO `cfg_connection` VALUES ('8', '12', 'demo-ds2', '1', 'driver-class-name=com.mysql.jdbc.Driver\nurl=jdbc:mysql://192.168.1.250:3306/demo-ds2?characterEncoding=UTF-8&zeroDateTimeBehavior=convertToNull\nusername=dev\npassword=dev\ntype=org.apache.commons.dbcp.BasicDataSource\nfilters=stat\nmaxActive=20\ninitialSize=1\nmaxWait=60000\nmin-idle=1\nmax-idle=10', '股金2', '1', '2018-01-05 17:25:00', '2018-01-29 14:43:25', '', '2018-01-29 14:43:28');
INSERT INTO `cfg_connection` VALUES ('9', '1', 'mysql_guinong_sharecapital', '1', 'driver-class-name: com.mysql.jdbc.Driver\nurl: jdbc:mysql://192.168.1.250:3306/guinong_sharecapital?characterEncoding=UTF-8&zeroDateTimeBehavior=convertToNull\nusername: dev\npassword: dev\ntype: org.apache.commons.dbcp.BasicDataSource\nmaxActive: 20\ninitialSize: 1\nmaxWait: 60000\nminIdle: 1', '贵农网股金店铺数据库连接', '2', '2018-01-10 15:23:39', '2018-03-30 09:30:44', '', null);
INSERT INTO `cfg_connection` VALUES ('10', '1', 'mysql_autumn_configure', '1', 'driver-class-name = com.mysql.jdbc.Driver\nurl = jdbc:mysql://192.168.1.250:3306/autumn_configure?characterEncoding=UTF-8&zeroDateTimeBehavior=convertToNull\nusername = dev\npassword = dev\ntype = org.apache.commons.dbcp.BasicDataSource\nfilters = stat\nmaxActive = 20\ninitialSize = 1\nmaxWait = 60000\nmin-idle = 1\nmax-idle = 10', '配置中心数据库', '2', '2018-01-29 14:49:43', '2018-01-29 15:03:53', '', null);
INSERT INTO `cfg_connection` VALUES ('11', '1', 'mysql_autumn_sms', '1', 'driver-class-name = com.mysql.jdbc.Driver\nurl = jdbc:mysql://192.168.1.250:3306/autumn-sms?characterEncoding=UTF-8&zeroDateTimeBehavior=convertToNull\nusername = dev\npassword = dev\ntype = org.apache.commons.dbcp.BasicDataSource\nfilters = stat\nmaxActive = 20\ninitialSize = 1\nmaxWait = 60000\nmin-idle = 1\nmax-idle = 10', '短信数据库', '2', '2018-01-29 14:52:00', '2018-01-29 15:03:45', '', null);
INSERT INTO `cfg_connection` VALUES ('12', '1', '111', '1', 'a = b', '', '1', '2018-01-29 15:11:22', '2018-01-29 15:11:22', '', '2018-01-29 15:11:53');
INSERT INTO `cfg_connection` VALUES ('13', '1', '111', '1', 'a = b', '', '1', '2018-01-29 15:15:05', '2018-01-29 15:15:05', '', '2018-01-29 15:15:38');
INSERT INTO `cfg_connection` VALUES ('14', '1', '1212', '101', 'a =3', '', '1', '2018-01-29 15:15:24', '2018-01-29 15:15:24', '', '2018-01-29 15:15:42');
INSERT INTO `cfg_connection` VALUES ('15', '1', '111', '101', '1 = 2', '', '1', '2018-01-29 15:20:15', '2018-01-29 15:20:15', '', '2018-01-29 15:27:43');
INSERT INTO `cfg_connection` VALUES ('16', '1', '111', '10', '11 = 2', '', '1', '2018-01-29 15:27:50', '2018-01-29 15:27:50', '', '2018-01-29 15:27:59');
INSERT INTO `cfg_connection` VALUES ('17', '1', '1', '20', '1 = 2', '', '1', '2018-01-29 15:34:01', '2018-01-29 15:34:01', '', '2018-01-29 15:34:04');
INSERT INTO `cfg_connection` VALUES ('18', '2', 'redis_7', '101', 'host = 192.168.1.248\nport = 6379\ndatabase = 7\ntimeout = 10000\npool.max-idle = 8\npool.min-idle = 0\npool.max-active = 10000\npool.max-wait = 1', '', '2', '2018-01-29 17:24:58', '2018-04-09 11:44:41', '', null);
INSERT INTO `cfg_connection` VALUES ('19', '3', 'rabbitmq_autumn_message', '201', 'host = 192.168.1.248\nport = 5672\nvirtual-host = autumn-message\nusername = dev\npassword = dev\npublisher-confirms = true\npublisher-returns = true', '', '2', '2018-01-29 17:31:36', '2018-04-09 11:44:00', '', null);
INSERT INTO `cfg_connection` VALUES ('20', '4', 'mongodb_sms', '301', 'host = 192.168.1.114\nport = 27017\ndatabase = autumn_sms', '', '2', '2018-01-29 17:34:23', '2018-06-01 10:07:19', '', null);
INSERT INTO `cfg_connection` VALUES ('21', '5', 'mysql_autumn_config', '1', 'driver-class-name = com.mysql.jdbc.Driver\nurl = jdbc:mysql://192.168.1.250:3306/autumn_configure?characterEncoding=UTF-8&zeroDateTimeBehavior=convertToNull\nusername = dev\npassword = dev\ntype = org.apache.commons.dbcp.BasicDataSource\nfilters = stat\nmaxActive = 20\ninitialSize = 1\nmaxWait = 60000\nmin-idle = 1\nmax-idle = 10', '配置数据库', '1', '2018-01-31 12:04:31', '2018-01-31 12:07:38', '', '2018-01-31 12:07:41');
INSERT INTO `cfg_connection` VALUES ('22', '2', 'redis_4', '101', 'host = 192.168.1.248\nport = 6379\ndatabase = 4\ntimeout = 10000\npool.max-idle = 8\npool.min-idle = 0\npool.max-active = 10000\npool.max-wait = 1', '', '2', '2018-01-31 12:09:44', '2018-04-09 11:44:38', '', null);
INSERT INTO `cfg_connection` VALUES ('23', '1', 'mysql_integral', '1', 'driver-class-name: com.mysql.jdbc.Driver\nurl: jdbc:mysql://192.168.1.250:3306/gyb_integral_mall?characterEncoding=UTF-8&zeroDateTimeBehavior=convertToNull\nusername: dev\npassword: dev\ntype: org.apache.commons.dbcp.BasicDataSource\nfilters: stat\nmaxActive: 20\ninitialSize: 1\nmaxWait: 60000\nminIdle: 1', '积分商城数据库', '2', '2018-01-31 15:28:44', '2018-04-09 11:42:20', '', null);
INSERT INTO `cfg_connection` VALUES ('24', '2', 'redis_10', '101', 'host = 192.168.1.248\nport = 6379\ndatabase = 10\ntimeout = 10000\npool.max-idle = 8\npool.min-idle = 0\npool.max-active = 10000\npool.max-wait = 1', '', '2', '2018-01-31 15:29:09', '2018-04-09 11:43:17', '', null);
INSERT INTO `cfg_connection` VALUES ('25', '3', 'rabbitmq_integral_app', '201', 'host = 192.168.1.248\nport = 5672\nvirtual-host = vhost_dev\nusername = dev\npassword = dev\npublisher-confirms = true\npublisher-returns = true', '', '2', '2018-01-31 15:31:14', '2018-04-09 11:43:26', '', null);
INSERT INTO `cfg_connection` VALUES ('26', '2', 'redis_2', '101', 'host = 192.168.1.248\nport = 6379\ndatabase = 2\ntimeout = 10000\npool.max-idle = 8\npool.min-idle = 0\npool.max-active = 10000\npool.max-wait = 1', '', '2', '2018-01-31 15:54:05', '2018-04-09 11:43:20', '', null);
INSERT INTO `cfg_connection` VALUES ('27', '1', 'mysql_autumn_member', '1', 'driver-class-name: com.mysql.jdbc.Driver\nurl: jdbc:mysql://192.168.1.250:3306/autumn_member?characterEncoding=UTF-8&zeroDateTimeBehavior=convertToNull\nusername: dev\npassword: dev\ntype: org.apache.commons.dbcp.BasicDataSource\nmaxActive: 20\ninitialSize: 1\nmaxWait: 60000\nminIdle: 1', '贵农会员中心', '2', '2018-01-31 15:55:48', '2018-04-09 11:45:21', '', null);
INSERT INTO `cfg_connection` VALUES ('28', '2', 'redis_1', '101', 'host = 192.168.1.248\nport = 6379\ndatabase = 1\ntimeout = 10000\npool.max-idle = 8\npool.min-idle = 0\npool.max-active = 10000\npool.max-wait = 1', '', '2', '2018-01-31 16:35:25', '2018-04-09 11:43:24', '', null);
INSERT INTO `cfg_connection` VALUES ('29', '3', 'rabbitmq_gyb_integral_openapi', '201', 'host: 192.168.1.248\n    port: 5672\n    virtual-host: vhost_dev\n    username: dev\n    password: dev\n    publisher-confirms: true\n    publisher-returns: true', '', '2', '2018-01-31 16:46:45', '2018-04-09 11:43:28', '', null);
INSERT INTO `cfg_connection` VALUES ('30', '4', 'mongodb_log', '301', 'host = 192.168.1.114\nport = 27017\ndatabase = autumn_log', '', '2', '2018-02-01 19:41:54', '2018-06-01 10:06:09', '', null);
INSERT INTO `cfg_connection` VALUES ('31', '1', 'mysql_guinong_backstage', '1', 'driver-class-name: com.mysql.jdbc.Driver\nurl: jdbc:mysql://192.168.1.250:3306/backstage?characterEncoding=UTF-8&zeroDateTimeBehavior=convertToNull\nusername: dev\npassword: dev\ntype: org.apache.commons.dbcp.BasicDataSource\nfilters: stat\nmaxActive: 20\ninitialSize: 1\nmaxWait: 60000\nminIdle: 1', '后台', '2', '2018-02-02 17:07:24', '2018-04-09 11:46:04', '', null);
INSERT INTO `cfg_connection` VALUES ('32', '1', 'mysql_autumn_member_pro', '1', 'driver-class-name: com.mysql.jdbc.Driver\nurl: jdbc:mysql://192.168.1.250:3306/autumn_member?characterEncoding=UTF-8&zeroDateTimeBehavior=convertToNull\nusername: dev\npassword: dev\ntype: org.apache.commons.dbcp.BasicDataSource\nmaxActive: 20\ninitialSize: 1\nmaxWait: 60000\nminIdle: 1', '', '1', '2018-02-07 11:01:43', '2018-02-07 11:04:04', '', '2018-02-07 11:04:06');
INSERT INTO `cfg_connection` VALUES ('33', '1', 'mysql-autumn-scheduler', '1', 'driver-class-name = com.mysql.jdbc.Driver\nurl = jdbc:mysql://192.168.1.250:3306/autumn_scheduler?characterEncoding=UTF-8&zeroDateTimeBehavior=convertToNull\nusername = dev\npassword = dev\nfilters = stat\nmaxActive = 200\ninitialSize = 1\nmaxWait = 60000\nmin-idle = 1\nmax-idle = 10', '调度', '2', '2018-03-27 17:24:58', '2018-04-09 11:45:36', '', null);
INSERT INTO `cfg_connection` VALUES ('34', '1', 'mysql_sharecapital_management', '1', 'driver-class-name: com.mysql.jdbc.Driver\nurl: jdbc:mysql://192.168.1.250:3306/sharecapital_management?characterEncoding=UTF-8&zeroDateTimeBehavior=convertToNull\nusername: dev\npassword: dev\ntype: org.apache.commons.dbcp.BasicDataSource\nmaxActive: 20\ninitialSize: 1\nmaxWait: 60000\nminIdle: 1', '贵农网股金店铺管理端数据库连接', '2', '2018-03-30 09:29:40', '2018-03-30 09:31:24', '', null);
INSERT INTO `cfg_connection` VALUES ('35', '1', 'mysql_guinong_coupon', '1', 'driver-class-name: com.mysql.jdbc.Driver\nurl: jdbc:mysql://192.168.1.250:3306/guinong_coupon?characterEncoding=UTF-8&zeroDateTimeBehavior=convertToNull\nusername: dev\npassword: dev\ntype: org.apache.commons.dbcp.BasicDataSource\nmaxActive: 20\ninitialSize: 1\nmaxWait: 60000\nminIdle: 1', '贵农网优惠卷', '2', '2018-04-02 10:55:21', '2018-04-09 11:45:51', '', null);
INSERT INTO `cfg_connection` VALUES ('36', '4', 'mongodb_guinong_comment', '301', 'host = 192.168.1.114\nport = 27017\ndatabase = guinong_comment', '', '2', '2018-04-09 11:56:35', '2018-04-10 15:53:28', '', null);
INSERT INTO `cfg_connection` VALUES ('37', '1', 'mysql_guinong_welfare', '1', 'driver-class-name: com.mysql.jdbc.Driver\nurl: jdbc:mysql://192.168.1.250:3306/welfare?characterEncoding=UTF-8&zeroDateTimeBehavior=convertToNull\nusername: dev\npassword: dev\ntype: org.apache.commons.dbcp.BasicDataSource\nmaxActive: 20\ninitialSize: 1\nmaxWait: 60000\nminIdle: 1', '公益行', '2', '2018-04-09 15:10:08', '2018-04-10 13:48:53', '', null);
INSERT INTO `cfg_connection` VALUES ('38', '5', 'sqlserver_guinong_haimall', '10', 'driver-class-name: net.sourceforge.jtds.jdbc.Driver\n#解决mysql数据库时间为0000-00-00 00:00:00的问题\nurl: jdbc:jtds:sqlserver://192.168.1.250:1433/gnup_app_1_new\nusername: sa\npassword: gnw+2015\n#使用commons-dbcp连接池\ntype: org.apache.commons.dbcp.BasicDataSource\nfilters: stat\nmaxActive: 20\ninitialSize: 1\nmaxWait: 60000\nminIdle: 1', '', '2', '2018-04-09 15:49:17', '2018-05-15 09:47:55', '', null);
INSERT INTO `cfg_connection` VALUES ('39', '1', 'mysql_guinong-fightgroups', '1', 'driver-class-name: com.mysql.jdbc.Driver\nurl: jdbc:mysql://192.168.1.250:3306/guinong-fightgroups?characterEncoding=UTF-8&zeroDateTimeBehavior=convertToNull\nusername: dev\npassword: dev\ntype: org.apache.commons.dbcp.BasicDataSource\nfilters: stat\nmaxActive: 20\ninitialSize: 1\nmaxWait: 60000\nminIdle: 1', '', '2', '2018-04-10 16:30:51', '2018-04-10 16:31:08', '', null);
INSERT INTO `cfg_connection` VALUES ('40', '1', 'mysql_guinong_recharge', '1', 'driver-class-name: com.mysql.jdbc.Driver\nurl: jdbc:mysql://192.168.1.250:3306/guinong_recharge?characterEncoding=UTF-8&zeroDateTimeBehavior=convertToNull\nusername: dev\npassword: dev\ntype: org.apache.commons.dbcp.BasicDataSource\nmaxActive: 20\ninitialSize: 1\nmaxWait: 60000\nminIdle: 1', '', '2', '2018-05-23 15:43:47', '2018-05-23 15:46:57', '', null);

-- ----------------------------
-- View structure for `view_app_info_connection`
-- ----------------------------
DROP VIEW IF EXISTS `view_app_info_connection`;
CREATE ALGORITHM=UNDEFINED DEFINER=`dev`@`%` SQL SECURITY DEFINER VIEW `view_app_info_connection` AS select `c`.`id` AS `id`,`c`.`sort_id` AS `sort_id`,`c`.`app_id` AS `app_id`,`c`.`connection_id` AS `connection_id`,`cfg`.`name` AS `connection_name`,`cfg`.`connection_type` AS `connection_type`,`c`.`identity` AS `identity`,`c`.`is_default` AS `is_default`,`c`.`status` AS `status`,`c`.`remark` AS `remark`,`c`.`gmt_create` AS `gmt_create`,`c`.`gmt_modified` AS `gmt_modified` from (`app_info_connection` `c` join `cfg_connection` `cfg` on((`c`.`connection_id` = `cfg`.`id`))) ;

-- ----------------------------
-- View structure for `view_app_info_data_source`
-- ----------------------------
DROP VIEW IF EXISTS `view_app_info_data_source`;
CREATE ALGORITHM=UNDEFINED DEFINER=`dev`@`%` SQL SECURITY DEFINER VIEW `view_app_info_data_source` AS select `d`.`id` AS `id`,`d`.`sort_id` AS `sort_id`,`d`.`app_id` AS `app_id`,`d`.`target_app_id` AS `target_app_id`,`a`.`app_name` AS `target_app_name`,`d`.`connection_id` AS `connection_id`,`c`.`name` AS `connection_name`,`c`.`connection_type` AS `connection_type`,`d`.`status` AS `status`,`d`.`remark` AS `remark`,`d`.`gmt_create` AS `gmt_create`,`d`.`gmt_modified` AS `gmt_modified` from ((`app_info_data_source` `d` join `cfg_connection` `c` on((`d`.`connection_id` = `c`.`id`))) join `app_info` `a` on((`d`.`target_app_id` = `a`.`id`))) ;

-- ----------------------------
-- View structure for `view_service_connection_configure`
-- ----------------------------
DROP VIEW IF EXISTS `view_service_connection_configure`;
CREATE ALGORITHM=UNDEFINED DEFINER=`dev`@`%` SQL SECURITY DEFINER VIEW `view_service_connection_configure` AS select `a`.`id` AS `id`,`a`.`sort_id` AS `sort_id`,`info`.`app_id` AS `service_id`,`a`.`identity` AS `identity`,`a`.`is_default` AS `is_default`,`c`.`id` AS `connection_id`,`c`.`name` AS `connection_name`,`c`.`connection_type` AS `connection_type`,`c`.`property_content` AS `property_content`,`a`.`status` AS `app_status`,`c`.`status` AS `connection_status`,`info`.`is_delete` AS `is_delete` from ((`app_info_connection` `a` join `cfg_connection` `c` on((`a`.`connection_id` = `c`.`id`))) join `app_info` `info` on((`a`.`app_id` = `info`.`id`))) ;

-- ----------------------------
-- View structure for `view_service_data_source_connection_configure`
-- ----------------------------
DROP VIEW IF EXISTS `view_service_data_source_connection_configure`;
CREATE ALGORITHM=UNDEFINED DEFINER=`dev`@`%` SQL SECURITY DEFINER VIEW `view_service_data_source_connection_configure` AS select `appdata`.`id` AS `id`,`app`.`app_id` AS `service_id`,`appdata`.`status` AS `status`,`app`.`status` AS `app_status`,`app`.`is_delete` AS `app_is_delete`,`target_app`.`app_id` AS `target_service_id`,`target_app`.`app_name` AS `target_app_name`,`target_app`.`status` AS `target_app_status`,`target_app`.`is_delete` AS `target_app_is_delete`,`appdata`.`connection_id` AS `connection_id`,`conn`.`name` AS `connection_name`,`conn`.`connection_type` AS `connection_type`,`conn`.`property_content` AS `property_content`,`conn`.`status` AS `connection_status`,`conn`.`is_delete` AS `connection_is_delete` from (((`app_info_data_source` `appdata` join `app_info` `app` on((`appdata`.`app_id` = `app`.`id`))) join `app_info` `target_app` on((`appdata`.`target_app_id` = `target_app`.`id`))) join `cfg_connection` `conn` on((`appdata`.`connection_id` = `conn`.`id`))) ;
